name,value
L0,1.0
L1,6.978267
L2,2.599096
L3,-0.924254
L4,0.0
L5,0.0
L6,0.0
Lambda0,0.1773174
