name,value
H0,1.67752
H1,2.20462
H2,0.6366564
H3,-0.241605
H4,0.0
H5,0.0
H6,0.0
Mu0,1.002e-3
